page_id,page_title,view_count,protection_status,page_length,edit_count,page_watchers,page_watchers_recent_edits,page_views_past_30days,page_id_scrapped,redirects,recent_number_of_edits,number_distinct_authors,number_categories
25869317,Mercosur,1770104,unprotected,90427,1785,194,20,13584,25869317,18,1,1,42
67728,Petrochemical,1486571,unprotected,23015,554,135,14,14823,67728,5,1,1,7
1914,Antimicrobial resistance,1461174,unprotected,132431,3367,264,26,8607,1914,29,7,6,10
855728,Red McCombs,485956,unprotected,14842,375,32,2,4808,855728,2,0,0,12
5508002,New World crops,442438,unprotected,12901,343,46,4,9433,5508002,5,3,2,2
15559781,No Mercy (2005),345254,unprotected,27004,453,Fewer than 30 watchers,,3824,15559781,1,0,0,4
1052338,1 Esdras,293221,unprotected,15067,416,56,12,3437,1052338,19,0,0,9
29642103,Kaalo,283120,unprotected,5793,128,Fewer than 30 watchers,,4042,29642103,0,1,1,5
222564,ISO 3166-2:CA,271376,unprotected,4332,123,Fewer than 30 watchers,,1711,222564,14,0,0,
18342008,"Carlos, Duke of Parma",241878,unprotected,59,1,Fewer than 30 watchers,,2472,52782565,0,0,0,
625894,François Bayrou,220088,unprotected,34012,538,36,3,1359,625894,4,1,1,18
2107573,Eric Christmas,205576,unprotected,7630,225,Fewer than 30 watchers,,3148,2107573,2,1,1,14
150829,"Thomasville, North Carolina",186064,unprotected,23294,522,Fewer than 30 watchers,,2058,150829,5,0,0,17
40803169,DJ Playero,160425,unprotected,11108,299,Fewer than 30 watchers,,1087,40803169,4,0,0,10
5253337,Beyond Rangoon,159701,unprotected,9233,241,Fewer than 30 watchers,,1602,5253337,0,2,1,7
2626808,Masha Bruskina,141900,unprotected,9185,188,Fewer than 30 watchers,,4250,2626808,0,2,2,14
45223499,Julie Foucher,126553,unprotected,12539,49,Fewer than 30 watchers,,609,45223499,0,0,0,
2642626,VDL Nedcar,123765,unprotected,19676,238,Fewer than 30 watchers,,1633,2642626,5,2,2,12
994248,Forfeit (baseball),114667,unprotected,17273,198,Fewer than 30 watchers,,1386,994248,0,0,0,4
2208730,Denver Center for the Performing Arts,104469,unprotected,7612,108,Fewer than 30 watchers,,223,2208730,12,0,0,8
2970314,Liam Fontaine,101407,unprotected,20489,412,Fewer than 30 watchers,,1064,2970314,0,3,1,5
32073239,Janko Nilović,98258,unprotected,7824,137,Fewer than 30 watchers,,1429,32073239,1,0,0,20
19127843,Random Acts of Kindness Day,92292,unprotected,6185,95,Fewer than 30 watchers,,316,19127843,1,0,0,8
615932,Russian humour,91731,unprotected,13421,377,50,4,850,615932,5,7,4,8
108852,"Somers, Connecticut",89607,unprotected,15884,353,Fewer than 30 watchers,,1096,108852,5,0,0,10
8041064,2wo,79464,unprotected,47,1,Fewer than 30 watchers,,280,56546778,0,0,0,
9913874,Sameer Group,76753,unprotected,4903,64,Fewer than 30 watchers,,1175,9913874,2,1,1,3
33002187,Kellie Wells (athlete),69661,unprotected,5074,83,Fewer than 30 watchers,,885,33002187,0,1,1,4
1747520,Stormont House,67905,unprotected,2667,76,Fewer than 30 watchers,,577,1747520,0,0,0,4
649497,Ten High,66388,unprotected,2942,129,Fewer than 30 watchers,,488,649497,0,0,0,2
6607217,Joe Vogel,60203,unprotected,7786,175,Fewer than 30 watchers,,619,6607217,0,0,0,7
40846275,Technothlon,58232,unprotected,16424,115,Fewer than 30 watchers,,847,40846275,0,0,0,10
13166829,Wellington Central (New Zealand electorate),56294,unprotected,85725,269,Fewer than 30 watchers,,468,13166829,2,0,0,6
32289827,The Gravy Train,56091,unprotected,3424,40,Fewer than 30 watchers,,652,32289827,0,0,0,2
8659823,Katya Lycheva,54999,unprotected,3834,53,Fewer than 30 watchers,,881,8659823,0,0,0,9
7959206,Espagne,49321,unprotected,534,15,Fewer than 30 watchers,,316,7959206,3,0,0,
34343738,Scranton Lace Company,48569,unprotected,6465,56,Fewer than 30 watchers,,205,34343738,0,0,0,6
25217696,Sergio y Estíbaliz,47978,unprotected,4743,29,Fewer than 30 watchers,,472,25217696,2,0,0,7
30408047,David Straiton,47433,unprotected,2814,38,Fewer than 30 watchers,,318,30408047,1,1,1,13
31543806,Swinerton,46549,unprotected,5314,84,Fewer than 30 watchers,,483,31543806,3,0,0,3
17144344,German occupation of Estonia during World War I,45499,unprotected,8494,111,Fewer than 30 watchers,,344,17144344,2,0,0,2
8035336,Wig wag (truck braking systems),45452,unprotected,64,28,Fewer than 30 watchers,,204,8035336,0,0,0,2
14531947,Politics of Anhui,44043,unprotected,3579,64,Fewer than 30 watchers,,36,14531947,3,2,1,
3534946,Hrvoje Vukčić Hrvatinić,43675,unprotected,14074,214,Fewer than 30 watchers,,557,3534946,3,2,1,15
9582851,Dáinn (Norse dwarf),43200,unprotected,2462,21,Fewer than 30 watchers,,610,9582851,2,0,0,
18852506,Double Time (Leon Redbone album),42507,unprotected,4813,51,Fewer than 30 watchers,,248,18852506,0,0,0,6
9406648,Pittsburgh Center for the Arts,41153,unprotected,11730,74,Fewer than 30 watchers,,150,9406648,1,0,0,5
3732486,Quantum mirage,36815,unprotected,4927,63,Fewer than 30 watchers,,273,3732486,3,0,0,
2505806,Ernst Hofbauer,36781,unprotected,4521,87,Fewer than 30 watchers,,367,2505806,0,0,0,11
46456843,EyeOpener (U.S. TV program),36453,unprotected,63,2,Fewer than 30 watchers,,14,59817878,0,0,0,
17062169,Tony Oden,35307,unprotected,7717,84,Fewer than 30 watchers,,240,17062169,0,0,0,8
1838995,Galician Literature Day,34990,unprotected,5397,129,Fewer than 30 watchers,,76,1838995,4,0,0,9
14874715,NFIA,34819,unprotected,6869,37,Fewer than 30 watchers,,134,14874715,1,1,1,2
22932162,Lowndes Grove,33949,unprotected,9191,55,Fewer than 30 watchers,,845,22932162,0,1,1,9
14303581,PRKCQ,32057,unprotected,19033,75,Fewer than 30 watchers,,135,14303581,3,0,0,
41552509,Terpsichora,31620,unprotected,6127,25,Fewer than 30 watchers,,284,41552509,2,0,0,4
36259528,Boerhavia erecta,30716,unprotected,6619,42,Fewer than 30 watchers,,561,36259528,1,0,0,8
31090870,Irish Coffee (band),30233,unprotected,10095,65,Fewer than 30 watchers,,274,31090870,0,0,0,5
10913591,Terpsitone,29299,unprotected,1102,30,Fewer than 30 watchers,,268,10913591,0,0,0,
42137018,On the Way (film),29116,unprotected,1660,10,Fewer than 30 watchers,,225,42137018,0,0,0,6
11243617,Paolo Veneziano,29106,unprotected,5864,70,Fewer than 30 watchers,,384,11243617,2,0,0,14
8979715,Bolt (comics),28754,unprotected,952,7,Fewer than 30 watchers,,46,8979715,1,0,0,3
48057153,Black Hole (2015 film),28537,unprotected,8145,43,Fewer than 30 watchers,,128,48057153,0,1,1,4
5482190,Dan Sikes,28302,unprotected,13221,123,Fewer than 30 watchers,,200,5482190,0,2,1,
1894958,Ergastulum,28043,unprotected,4552,38,Fewer than 30 watchers,,361,1894958,1,0,0,4
17128044,Ludgate Circus tube station,27629,unprotected,3265,57,Fewer than 30 watchers,,207,17128044,1,0,0,7
30984841,The Amazing Race 3 (Latin America),26082,unprotected,40242,678,Fewer than 30 watchers,,68,30984841,4,0,0,7
9503615,Warborough,25673,unprotected,9233,60,Fewer than 30 watchers,,290,9503615,1,0,0,8
5678569,Lollar,25323,unprotected,1428,39,Fewer than 30 watchers,,149,5678569,0,2,1,10
23264187,Cappelen Damm,24621,unprotected,1110,17,Fewer than 30 watchers,,84,23264187,1,0,0,9
46846123,Piñata Protest,21011,unprotected,5844,55,Fewer than 30 watchers,,166,46846123,1,0,0,9
6728128,Homespun,20983,unprotected,1223,14,Fewer than 30 watchers,,106,52377967,1,0,0,
1204347,British Rail DHP1,20675,unprotected,2656,32,Fewer than 30 watchers,,162,1204347,2,0,0,4
6479721,Jeff Trandahl,20351,unprotected,7845,105,Fewer than 30 watchers,,133,6479721,1,0,0,4
119447,"Kelliher, Minnesota",19396,unprotected,9360,87,Fewer than 30 watchers,,124,119447,1,0,0,8
13556677,The Guns (band),19145,unprotected,5935,217,Fewer than 30 watchers,,72,13556677,1,0,0,8
1851366,WNTM,19135,unprotected,11078,143,Fewer than 30 watchers,,115,1851366,2,0,0,3
29518238,2010 New York City Marathon,18973,unprotected,13931,62,Fewer than 30 watchers,,61,29518238,1,0,0,3
40190933,Allan Hornyak,18965,unprotected,5267,24,Fewer than 30 watchers,,119,40190933,1,1,1,3
44973911,Anders Gronstedt,18945,unprotected,7421,49,Fewer than 30 watchers,,30,44973911,0,1,1,8
18131480,WIZZ,18846,unprotected,3588,52,Fewer than 30 watchers,,101,18131480,1,0,0,3
13491517,Fredrik Hermansson,18818,unprotected,2850,50,Fewer than 30 watchers,,93,13491517,1,0,0,5
20874386,2008 Summer Olympics on NBC,18667,unprotected,15417,58,Fewer than 30 watchers,,476,20874386,2,0,0,6
1284813,Suristan,18236,unprotected,714,30,Fewer than 30 watchers,,68,1284813,1,0,0,6
2876164,Ataun,17824,unprotected,2839,65,Fewer than 30 watchers,,83,2876164,0,0,0,11
8227825,Morrisons Cove,17541,unprotected,6129,72,Fewer than 30 watchers,,119,8227825,2,0,0,4
3320921,Susan Shwartz,17398,unprotected,5966,83,Fewer than 30 watchers,,70,3320921,1,0,0,20
5291226,Roberval and Saguenay Railway,17352,unprotected,874,34,Fewer than 30 watchers,,65,5291226,6,0,0,3
10678644,Tommy Turner (footballer),16963,unprotected,3275,61,Fewer than 30 watchers,,217,10678644,0,1,1,4
15514710,Eccellenza Lombardy,16679,unprotected,4932,39,Fewer than 30 watchers,,202,15514710,1,1,1,3
994697,The Sunday Format,15807,unprotected,3759,44,Fewer than 30 watchers,,84,994697,1,0,0,3
32102180,Kanpur railway station,15571,unprotected,2410,40,Fewer than 30 watchers,,179,32102180,2,0,0,13
12973138,Ace of Hearts Records (US),15409,unprotected,13195,116,Fewer than 30 watchers,,142,12973138,1,0,0,5
22269627,Pieri's formula,15032,unprotected,1847,15,Fewer than 30 watchers,,148,22269627,1,0,0,
42742638,Claudio Daniel Stern,14989,unprotected,5932,38,Fewer than 30 watchers,,57,42742638,3,0,0,8
7004929,1998 Riga bombing,14327,unprotected,13724,71,Fewer than 30 watchers,,109,7004929,1,1,1,3
22836451,Sopwith Grasshopper,14292,unprotected,2955,22,Fewer than 30 watchers,,92,22836451,0,0,0,
25858615,Rodger Dean Duncan,14213,unprotected,8587,89,Fewer than 30 watchers,,38,25858615,1,2,2,14
33775301,Monument to Christ the King,13435,unprotected,8013,35,Fewer than 30 watchers,,96,33775301,1,0,0,5
44215100,George Budd,13262,unprotected,3740,20,Fewer than 30 watchers,,72,44215100,1,0,0,16
134907,"Badger, South Dakota",13004,unprotected,11369,94,Fewer than 30 watchers,,49,134907,1,0,0,4
11849345,The Best of Baccara,12726,unprotected,3343,66,Fewer than 30 watchers,,88,11849345,2,0,0,6
22989599,Kempf,12456,unprotected,403,18,Fewer than 30 watchers,,111,22989599,2,0,0,
31867818,The Square Circle,11820,unprotected,4629,22,Fewer than 30 watchers,,180,31867818,0,0,0,
6160716,"Barview, Oregon",11741,unprotected,6338,52,Fewer than 30 watchers,,64,6160716,4,0,0,4
38348515,Rolling Stone Australia Awards,11676,unprotected,5787,21,Fewer than 30 watchers,,52,38348515,0,2,1,3
6700858,Mornago,11383,unprotected,4428,41,Fewer than 30 watchers,,64,6700858,0,0,0,8
8774881,Raymond D. Fogelson,11112,unprotected,4303,31,Fewer than 30 watchers,,33,8774881,2,0,0,12
10847146,R. Paul Robertson,11000,unprotected,2345,52,Fewer than 30 watchers,,94,10847146,0,0,0,11
44250125,Dolu,10927,unprotected,456,10,Fewer than 30 watchers,,23,44250125,1,0,0,
35195712,Box of Toys,10909,unprotected,3019,23,Fewer than 30 watchers,,39,35195712,0,0,0,8
17500955,Miyahara Station,10830,unprotected,4342,32,Fewer than 30 watchers,,64,17500955,0,3,1,8
18730840,Landesliga Westfalen,10783,unprotected,3674,34,Fewer than 30 watchers,,90,18730840,0,0,0,6
6070854,Gérgal,10685,unprotected,3156,58,Fewer than 30 watchers,,60,6070854,5,0,0,10
20152869,Natércia,10660,unprotected,2251,47,Fewer than 30 watchers,,25,20152869,1,0,0,4
20921483,"Brighton High School (Brighton, Tennessee)",10482,unprotected,2638,82,Fewer than 30 watchers,,29,20921483,0,0,0,8
11900591,German settlements in the Riverina,10481,unprotected,5447,39,Fewer than 30 watchers,,64,11900591,1,0,0,3
32602140,Satchwell v President of the Republic of South Africa,10455,unprotected,4159,15,Fewer than 30 watchers,,27,32602140,5,1,1,3
27282260,Yaroslav Krestovsky,10438,unprotected,9045,99,Fewer than 30 watchers,,14,27282260,2,0,0,9
10991907,Ray Collins (American football),10279,unprotected,2183,40,Fewer than 30 watchers,,51,10991907,1,1,1,6
35761443,V. Owen Bush,10243,unprotected,24338,244,Fewer than 30 watchers,,25,35761443,1,0,0,7
25601121,Canadian Unitarians for Social Justice,9971,unprotected,2245,27,Fewer than 30 watchers,,18,25601121,0,0,0,
42077406,Ministry of Ports and Shipping (Pakistan),9716,unprotected,59,2,Fewer than 30 watchers,,1,53652369,0,0,0,
49731332,30th Japan Academy Prize,9617,unprotected,60,1,Fewer than 30 watchers,,4,61909972,0,0,0,
19318807,Éon de l'Étoile,9604,unprotected,5164,26,Fewer than 30 watchers,,57,19318807,4,0,0,3
3794087,EGABTR,9554,unprotected,4321,19,Fewer than 30 watchers,,72,3794087,0,0,0,
48901872,Chemillé-en-Anjou,9467,unprotected,2673,20,Fewer than 30 watchers,,62,48901872,0,0,0,11
15824338,Canville-la-Rocque,9227,unprotected,1621,52,Fewer than 30 watchers,,11,15824338,0,0,0,12
35778912,"Maxine, West Virginia",8951,unprotected,2774,8,Fewer than 30 watchers,,26,35778912,0,0,0,5
27166824,Echoes of Valor,8924,unprotected,1696,16,Fewer than 30 watchers,,50,27166824,0,0,0,3
40654445,Former Residence of Ba Jin,8833,unprotected,3666,14,Fewer than 30 watchers,,33,40654445,0,0,0,5
27485183,Willem van den Hout,8800,unprotected,8807,45,Fewer than 30 watchers,,59,27485183,1,1,1,12
43842849,Aude (writer),8735,unprotected,4113,41,Fewer than 30 watchers,,43,43842849,2,0,0,13
28672240,Jubilee Garden,8546,unprotected,634,15,Fewer than 30 watchers,,16,28672240,0,0,0,6
38309501,List of theatres in Serbia,8509,unprotected,5604,24,Fewer than 30 watchers,,24,38309501,0,0,0,2
49872243,Gregorio Sciltian,8385,unprotected,2196,14,Fewer than 30 watchers,,55,49872243,0,0,0,20
25379910,Parrita,8361,unprotected,4344,26,Fewer than 30 watchers,,45,25379910,2,0,0,8
25569743,"Acari, Rio Grande do Norte",8270,unprotected,5118,27,Fewer than 30 watchers,,45,25569743,0,0,0,10
43063238,Young Mrs. Winthrop,8159,unprotected,4406,31,Fewer than 30 watchers,,21,43063238,0,0,0,7
15451465,Jonathan Bliss,7986,unprotected,2341,23,Fewer than 30 watchers,,30,15451465,1,0,0,2
12410725,Rock skipper,7947,unprotected,3594,44,Fewer than 30 watchers,,22,12410725,1,0,0,4
42553171,Victor On-kwok Li,7906,unprotected,3887,37,Fewer than 30 watchers,,39,42553171,1,0,0,13
33263353,Brunflo FK,7884,unprotected,9326,36,Fewer than 30 watchers,,23,33263353,0,0,0,7
30882408,Pine Islet Light,7730,unprotected,10125,59,Fewer than 30 watchers,,47,30882408,1,0,0,9
43655946,Haumaniastrum,7707,unprotected,4350,10,Fewer than 30 watchers,,61,43655946,0,1,1,3
30318916,1956 Emperor's Cup,7683,unprotected,1470,8,Fewer than 30 watchers,,6,30318916,0,0,0,
28971991,Forest Fire Lookout Association,7553,unprotected,2094,20,Fewer than 30 watchers,,57,28971991,1,0,0,2
16825300,Calhoun County Courthouse (South Carolina),7522,unprotected,3739,28,Fewer than 30 watchers,,20,16825300,0,0,0,5
868404,"Sawa District, Gunma",7441,unprotected,1808,34,Fewer than 30 watchers,,26,868404,0,0,0,7
38377889,Mishen,7405,unprotected,1828,5,Fewer than 30 watchers,,26,38377889,4,0,0,5
5151116,Slick Shoes (album),7279,unprotected,165,29,Fewer than 30 watchers,,6,5151116,0,1,1,3
36466994,Lelei Fonoimoana,7116,unprotected,2338,24,Fewer than 30 watchers,,32,36466994,1,1,1,4
19814070,Chardon de Croisilles,7082,unprotected,2936,19,Fewer than 30 watchers,,12,19814070,3,0,0,4
22409936,James Striar School of General Jewish Studies,6928,unprotected,5366,58,Fewer than 30 watchers,,22,22409936,0,0,0,8
26624894,The Quakeress,6917,unprotected,3156,22,Fewer than 30 watchers,,20,26624894,0,0,0,4
50222102,Nikolaus Hillebrand,6812,unprotected,6145,36,Fewer than 30 watchers,,28,50222102,0,1,1,14
22467831,"Zala, Cerknica",6778,unprotected,4375,18,Fewer than 30 watchers,,15,22467831,0,0,0,6
15435318,Verdun-en-Lauragais,6601,unprotected,1778,53,Fewer than 30 watchers,,15,15435318,0,0,0,13
4972179,Blackpool Gate,6542,unprotected,1590,20,Fewer than 30 watchers,,40,4972179,1,0,0,7
21841567,Nowe Guty,6460,unprotected,1895,12,Fewer than 30 watchers,,39,21841567,0,0,0,9
35828882,Marco Gerini,6278,unprotected,2109,19,Fewer than 30 watchers,,21,35828882,0,0,0,4
33492496,Gustav Niessl von Mayendorf,6243,unprotected,2115,13,Fewer than 30 watchers,,18,33492496,1,0,0,7
16226447,Aïn Bouyahia,6033,unprotected,1070,17,Fewer than 30 watchers,,11,16226447,3,0,0,6
50330064,Jane Ward (volleyball),6014,unprotected,2580,16,Fewer than 30 watchers,,50,50330064,0,0,0,3
38026467,Malaysia Federal Route 230,5869,unprotected,2989,25,Fewer than 30 watchers,,14,38026467,1,2,1,4
38115655,Djursholms Ekeby,5790,unprotected,2641,9,Fewer than 30 watchers,,18,38115655,0,0,0,4
41750485,Marguerite Fourrier,5773,unprotected,1789,8,Fewer than 30 watchers,,22,41750485,1,0,0,8
35921636,Charaxes cedreatis,5767,unprotected,3551,27,Fewer than 30 watchers,,13,35921636,2,0,0,5
44953578,Mabuti Potloane,5764,unprotected,1740,9,Fewer than 30 watchers,,8,44953578,0,0,0,3
15431820,Saint-Félix-de-Tournegat,5605,unprotected,2857,70,Fewer than 30 watchers,,11,15431820,1,0,0,14
16623945,SS Potsdam,5496,unprotected,670,12,Fewer than 30 watchers,,37,16623945,0,0,0,3
25426903,Fred Thomas (wrestler),5449,unprotected,1812,23,Fewer than 30 watchers,,20,25426903,0,0,0,7
49654498,Celeste Kaplan,5374,unprotected,5643,39,Fewer than 30 watchers,,19,49654498,1,0,0,
5172501,Tactile corpuscles of Grandry,5321,unprotected,13040,28,Fewer than 30 watchers,,31,5172501,2,0,0,2
43360752,Jacob Jacobs,5248,unprotected,258,6,Fewer than 30 watchers,,24,43360752,2,0,0,
22107014,"Logan Township, Sherman County, Kansas",5105,unprotected,3406,19,Fewer than 30 watchers,,8,22107014,0,0,0,5
28453164,Kunovec Breg,5038,unprotected,2301,10,Fewer than 30 watchers,,11,28453164,0,0,0,6
23335011,The Mumbai Xpress,4988,unprotected,226,39,Fewer than 30 watchers,,15,23335011,0,0,0,3
16514490,Stephen Hoar,4943,unprotected,7209,76,Fewer than 30 watchers,,2,16514490,1,0,0,2
44687054,Dichocrocis eubulealis,4800,unprotected,811,9,Fewer than 30 watchers,,13,44687054,1,0,0,4
20042982,Gil Marquez,4763,unprotected,616,20,Fewer than 30 watchers,,18,20042982,0,0,0,3
48373232,2013 Tajik Cup,4675,unprotected,50,1,Fewer than 30 watchers,,5,56675760,0,0,0,
25460933,Vriesea pardalina,4510,unprotected,1023,13,Fewer than 30 watchers,,17,25460933,0,0,0,5
27056128,Didianema pauli,4411,unprotected,1432,22,Fewer than 30 watchers,,3,27056128,0,0,0,8
35883126,Kristina Bergstrand,4395,unprotected,1711,15,Fewer than 30 watchers,,17,35883126,0,0,0,3
37868236,Pottstown Landing Historic District,4114,unprotected,2543,11,Fewer than 30 watchers,,12,37868236,0,0,0,6
2125222,Lautari,4085,unprotected,134,5,Fewer than 30 watchers,,9,2125222,1,0,0,
48985076,William Dunstone,4074,unprotected,1878,6,Fewer than 30 watchers,,9,48985076,1,0,0,5
28385909,Zabus,4067,unprotected,2393,10,Fewer than 30 watchers,,3,28385909,0,0,0,4
12131053,Archibald Currie (Canadian politician),3964,unprotected,2091,18,Fewer than 30 watchers,,9,12131053,1,0,0,
35553781,Robert Stanton Avery,3893,unprotected,1605,21,Fewer than 30 watchers,,11,35553781,0,0,0,3
18639933,Sojczyn Grądowy,3660,unprotected,1517,9,Fewer than 30 watchers,,9,18639933,1,0,0,5
20921922,Camissoniopsis hirtella,3580,unprotected,1642,10,Fewer than 30 watchers,,15,20921922,2,0,0,5
19518467,Huntoon Mountains,3521,unprotected,1255,12,Fewer than 30 watchers,,9,19518467,0,0,0,2
29530235,Stanislav Hristov,3488,unprotected,1491,22,Fewer than 30 watchers,,2,29530235,0,0,0,4
27222762,Tsutomu Matsuda,3481,unprotected,208,4,Fewer than 30 watchers,,1,57649407,1,0,0,
25397157,Vriesea schunkii,3472,unprotected,1019,11,Fewer than 30 watchers,,5,25397157,0,0,0,5
40792858,2013–14 MŠK Žilina season,3325,unprotected,4803,11,Fewer than 30 watchers,,11,40792858,3,1,1,
5481257,Oil Circuit Breaker,3237,unprotected,147,6,Fewer than 30 watchers,,2,50368589,0,0,0,4
45704583,Altounyan,3211,unprotected,762,12,Fewer than 30 watchers,,22,45704583,5,0,0,3
18560408,Mulock Inlet,3180,unprotected,529,20,Fewer than 30 watchers,,5,18560408,1,0,0,3
40744818,Cosmosoma aurifera,3159,unprotected,803,12,Fewer than 30 watchers,,5,40744818,1,0,0,4
31606987,Starksia spinipenis,3042,unprotected,1853,18,Fewer than 30 watchers,,4,31606987,2,0,0,5
29206249,Justice Burke,2851,unprotected,1130,19,Fewer than 30 watchers,,4,29206249,1,0,0,
46180677,Ditrigona chama,2813,unprotected,1532,12,Fewer than 30 watchers,,4,46180677,0,0,0,5
22358273,Mesohibolites,2748,unprotected,1214,7,Fewer than 30 watchers,,8,22358273,0,0,0,2
22187225,Parallelura,2717,unprotected,58,9,Fewer than 30 watchers,,2,22187225,0,0,0,3
21670197,Mieścin,2664,unprotected,1647,9,Fewer than 30 watchers,,8,21670197,1,0,0,6
33226559,Kim Dae-jin,2578,unprotected,159,8,Fewer than 30 watchers,,1,33226559,4,0,0,
26629652,CUWS,2431,unprotected,224,7,Fewer than 30 watchers,,13,26629652,0,0,0,
28778424,William Richmond (physician),2353,unprotected,59,1,Fewer than 30 watchers,,2,51422431,0,0,0,
44298454,Goephanes pictidorsis,2154,unprotected,825,7,Fewer than 30 watchers,,5,44298454,0,0,0,4
29084654,Diamond Ranch,2084,unprotected,367,3,Fewer than 30 watchers,,4,29084654,1,0,0,
14987042,Fayette Township,1711,unprotected,452,6,Fewer than 30 watchers,,2,14987042,1,0,0,
4257131,Melissopetra,1543,unprotected,292,7,Fewer than 30 watchers,,3,4257131,1,0,0,
18060536,"Toéssin, Bam",1303,unprotected,320,3,Fewer than 30 watchers,,0,18060536,2,0,0,
40050862,Bard Rasun,804,unprotected,122,2,Fewer than 30 watchers,,1,40050862,0,0,0,
49078342,Tony Krolis,558,unprotected,0,,Fewer than 30 watchers,,0,0,0,,,
102490,Dell,8882397,sysop,135576,8481,516,31,63588,102490,40,32,13,27
1100953,Khachkar,193942,sysop,15897,511,83,9,1818,1100953,12,0,0,9
11091078,Dragon Ball,8815357,sysop,159479,5606,502,48,116314,11091078,113,16,12,23
1205872,Halo (series),4345535,sysop,47,1,443,43,12080,57657533,0,0,0,
12330092,Girls' Generation,8336903,sysop,173017,14379,490,34,84832,12330092,40,19,13,29
12701,Greenwich Mean Time,5121310,sysop,22563,1695,366,36,81522,12701,13,4,3,8
12787,Geoffrey Chaucer,4448068,sysop,69387,3118,577,59,47180,12787,13,15,4,48
1282180,Barelvi,852973,sysop,116820,5384,155,20,12986,1282180,30,161,20,19
12981647,Super Smash Bros. Brawl,1384373,sysop,94061,15983,1595,25,12064,12981647,109,8,5,18
1300462,Bob Enyart,102332,sysop,6736,670,31,4,470,1300462,1,0,0,7
13076,Gordon Brown,5459768,sysop,137977,6883,393,37,52961,13076,15,11,9,30
13395562,Abigail Breslin,8997565,sysop,52514,2926,313,29,195754,13395562,3,13,9,23
1371138,The Fox and the Hound,2768125,sysop,40299,2123,167,17,38308,1371138,7,13,13,8
1402672,Carlton Cole,1222990,sysop,48454,2961,41,5,9580,1402672,1,2,2,9
14142805,1998 Georgia Bulldogs football team,46280,sysop,6387,168,Fewer than 30 watchers,,322,14142805,3,0,0,6
142056,Madonna (entertainer),24732062,sysop,126,3,1315,101,21222,64683029,0,0,0,4
1449866,Word,2123859,sysop,17295,3480,375,41,18204,1449866,6,7,6,8
148703,Duran Duran,6156869,sysop,100788,5738,331,33,98848,148703,7,14,12,24
151496,Cheeseburger,969377,sysop,17581,3738,154,10,9834,151496,13,7,6,5
1524059,Chitral,429373,sysop,15211,1564,71,9,5925,1524059,16,3,2,15
15580374,Main Page,38902600027,sysop,3508,4247,116826,5546,169933313,15580374,57,0,0,
156105,Chinggis Khaan International Airport,376293,sysop,22874,204,47,10,2357,38046876,9,39,10,8
156115,Sexual fetishism,3711274,sysop,32526,2287,489,36,45123,156115,19,2,2,11
1567383,Satyananda Saraswati,258831,sysop,26280,866,62,8,3778,1567383,6,1,1,20
1573838,Birdman (rapper),4848897,sysop,36566,6750,202,20,43220,1573838,23,11,10,24
15777,Joseph Goebbels,10854061,sysop,96274,5967,572,66,162547,15777,31,23,21,34
159275,Emily Dickinson,6958642,sysop,88399,5077,445,41,72354,159275,11,4,4,49
159548,Iain Duncan Smith,1728079,sysop,78037,2595,165,16,11895,159548,11,5,5,22
169941,Merle Haggard,6425836,sysop,102126,2359,217,18,53350,169941,6,6,5,39
17020605,John Cabot,2516672,sysop,53577,6663,272,32,14107,17020605,9,2,2,37
170691,Peru,10747907,sysop,144001,11803,887,72,161452,170691,19,49,28,51
17238662,Grenada,7689889,sysop,75734,3272,326,35,112971,17238662,16,27,14,30
17279743,Cartoon Network,6456090,sysop,95382,15285,599,73,116724,17279743,63,68,39,18
18562,Leet,2916208,sysop,24654,9877,997,45,49251,18562,193,2,2,7
18582230,Methane,4871391,sysop,62256,4130,396,43,36193,18582230,17,9,6,25
18963754,Viscosity,9382102,sysop,74774,3695,548,55,61283,18963754,38,0,0,18
19167764,Undergarment,1953274,sysop,65153,3113,277,25,22181,19167764,56,25,7,20
19230767,Odin,9624700,sysop,72271,4643,832,98,118969,19230767,56,24,11,27
19230789,Amun,2844497,sysop,34152,2030,401,41,31046,19230789,42,1,1,26
19588,Mitochondrion,6617711,sysop,135196,5022,589,47,46220,19588,32,3,3,19
19729548,Millard Fillmore,4784194,sysop,104467,5199,269,39,53078,19729548,16,6,6,32
200136,Static electricity,2314709,sysop,28382,2032,193,17,14945,200136,6,0,0,12
20423,Malaria,9195389,sysop,187676,6422,550,39,66018,20423,29,6,6,26
20609622,Babylon,9908049,sysop,85344,3797,869,79,126466,20609622,14,21,11,37
21021,Mecca,8293003,sysop,100406,7076,609,63,87036,21021,35,31,16,40
21069417,Egyptian mythology,1687844,sysop,66143,566,381,59,15858,21069417,5,0,0,6
21208368,Pumpkin,3495645,sysop,38670,2883,225,29,27215,21208368,6,41,19,16
21217,Native Americans in the United States,13941267,sysop,298665,13054,1431,124,157024,21217,52,31,20,30
21294852,Pony,1725900,sysop,17065,964,108,11,21296,21294852,2,2,2,11
214049,Bagel,2687828,sysop,35413,3513,213,29,28008,214049,14,12,9,23
21474,Natural number,3873158,sysop,46087,2731,461,59,38697,21474,19,1,1,14
21487063,Varangians,1178077,sysop,34827,1450,258,33,16001,21487063,11,3,3,15
21490957,Thomas Aquinas,5713840,sysop,126871,6019,895,81,53874,21490957,41,5,5,78
21496243,VeggieTales,1939928,sysop,50129,6932,171,22,28879,21496243,25,14,11,13
21615,Nostradamus,8817188,sysop,49654,6560,856,44,84759,21615,32,9,9,36
21950,Khyber Pakhtunkhwa,2707278,sysop,108799,4730,208,22,51411,21950,107,21,11,27
22079091,Rod Dreher,480374,sysop,63808,774,67,16,7304,22079091,3,2,2,22
2236472,Transformers (film),7276665,sysop,81849,11631,514,22,77519,2236472,12,18,12,9
2243595,Sati,138747,sysop,1864,195,Fewer than 30 watchers,,618,2243595,4,0,0,
22709,Okapi,3338751,sysop,38483,3233,230,25,50249,22709,15,3,2,13
2289648,Windows Vista,3619895,sysop,154373,14047,1342,44,41628,2289648,57,14,10,21
23306833,Gobi Desert,2875630,sysop,34917,2117,203,13,32683,23306833,16,2,2,19
2337719,List of Total Nonstop Action Wrestling personnel,2296048,sysop,65,3,137,9,547,53703583,0,0,0,
2346196,Khowar language,166809,sysop,14378,842,67,13,1951,2346196,19,0,0,12
23492370,Jed York,941547,sysop,12561,514,Fewer than 30 watchers,,2402,23492370,0,2,1,6
23493896,Jindal Group,363464,sysop,0,,Fewer than 30 watchers,,0,0,0,,,
235589,Axolotl,7299984,sysop,38011,1905,353,46,202524,235589,12,40,29,19
237121,Tim Pawlenty,633577,sysop,111483,2484,121,9,5448,237121,16,3,3,19
240390,Fernando Alonso,5058797,sysop,185123,5612,174,28,123240,240390,5,6,6,26
24209,Profanity,2631829,sysop,39739,6982,498,57,30345,24209,55,4,4,12
2423824,Nate Robinson,6411198,sysop,47971,3407,107,8,38340,2423824,3,7,5,5
25198426,Mysandbox,1067,sysop,0,,Fewer than 30 watchers,,0,0,0,,,
25233,Quartz,5315926,sysop,55405,3088,487,48,50718,25233,29,6,6,14
2527797,Heathenry (new religious movement),2429961,sysop,116950,3969,471,66,31103,2527797,90,5,4,6
2530989,Qizilbash,493832,sysop,42137,1868,221,11,6959,2530989,13,1,1,21
25390847,Jeremy Lin,8821963,sysop,211801,3422,190,33,61452,25390847,10,20,13,19
25428,Roman Polanski,19258666,sysop,144485,6422,554,50,340766,25428,11,26,19,43
25459,Rocky Mountains,5535875,sysop,48157,4712,352,35,52390,25459,19,3,3,24
25856,Radiation,3911900,sysop,42922,3894,514,47,28788,25856,3,19,7,10
26033941,Julian Assange,15564742,sysop,242517,10167,1042,120,176188,26033941,23,50,29,61
26574,Rooster,2977562,sysop,56,3925,201,11,27499,26574,0,0,0,3
268115,Ocelot,3755481,sysop,60155,2872,256,25,41473,268115,7,3,3,19
2685664,Sonic the Hedgehog (2006 video game),1119139,sysop,68456,10761,478,20,11582,2685664,39,7,4,17
2696891,Charlotte's Web (2006 film),1178755,sysop,21954,1063,90,9,14235,2696891,1,2,2,24
2730733,Willie Mason,296361,sysop,41847,1163,37,3,2289,2730733,1,3,1,14
27712,Sugar,6403390,sysop,90470,4982,514,43,52563,27712,26,7,7,14
27783,Stem cell,5181235,sysop,91920,6735,1011,37,20109,27783,34,11,8,16
27964,Sikhism,9462167,sysop,170580,10361,1135,63,91024,27964,35,15,14,24
28504,San Diego,7708816,sysop,194795,7984,566,58,77648,28504,38,11,8,36
2983,Austria-Hungary,8269063,sysop,254161,6092,615,93,109687,2983,50,41,10,50
30027,Tycho Brahe,2770390,sysop,92764,4322,344,34,19648,30027,13,3,3,45
30094393,South Carolina Research Authority,8391,sysop,2146,196,Fewer than 30 watchers,,17,30094393,1,0,0,14
302602,Wolverine (character),10199055,sysop,170918,10743,789,32,52311,302602,24,10,3,29
30343,Torah,5693919,sysop,61469,4769,979,85,57763,30343,27,7,4,20
30388,Thylacine,6454228,sysop,108782,4302,478,52,67935,30388,30,8,8,16
312990,7 World Trade Center,3416117,sysop,74479,3481,415,23,32786,312990,23,3,3,14
31988866,Mufaddal Saifuddin,602992,sysop,88744,3045,95,9,6321,31988866,11,9,7,28
321956,List of common misconceptions,6229998,sysop,375231,10717,1876,190,82604,321956,36,25,19,27
322375,Phyllis Schlafly,4418334,sysop,53909,2315,213,16,26992,322375,9,2,2,30
3284182,List of spells in Harry Potter,2208118,sysop,0,,416,12,0,0,0,,,
33879,Windows XP,5240447,sysop,121889,10970,911,61,69007,33879,53,42,25,13
35783123,Grizzly bear,5451752,sysop,105412,6763,290,31,76304,35783123,31,12,9,13
371248,Prussia,10727917,sysop,88525,3790,594,57,103960,371248,20,8,6,35
3727561,Firozpur district,111685,sysop,5698,351,Fewer than 30 watchers,,1215,3727561,9,3,3,10
37398,The Walt Disney Company,14809007,sysop,137372,11244,1050,133,185798,37398,46,41,27,25
38428,Deer,5537425,sysop,86630,5830,333,23,56972,38428,21,14,12,21
38902,Brown,1243556,sysop,40081,2351,151,14,12049,38902,10,7,7,13
39669,Dengue fever,10508469,sysop,82036,3829,394,30,52546,39669,25,2,2,23
40017873,Diabetes mellitus,9197523,sysop,185,78,845,109,19263,40017940,0,0,0,8
4176378,Joaquín Guzmán,7198866,sysop,58,1,209,57,4337,53266713,0,0,0,
41938992,Maddie Ziegler,13106310,sysop,95845,3514,250,41,93577,41938992,6,43,20,13
41999710,Nadeshot,1013275,sysop,27205,2027,49,6,11256,41999710,11,2,2,10
42089078,Zootopia,15235947,sysop,137744,5328,282,53,93752,42089078,41,17,12,18
4250553,Gene,4895849,sysop,106845,4195,615,50,29044,4250553,9,10,6,12
42990507,Big Brother Canada (season 3),431001,sysop,59408,1628,Fewer than 30 watchers,,2075,42990507,4,0,0,4
43345873,Power Rangers Dino Charge,2294646,sysop,13582,893,82,9,12413,43345873,9,2,2,3
4335354,Howard Webb,797312,sysop,44899,2515,70,8,16707,4335354,1,17,15,18
43490,Windmill,2532034,sysop,37634,3460,218,24,19020,43490,15,3,3,14
44112,John Dalton,2985428,sysop,44337,4430,265,34,14783,44112,10,4,4,40
442588,Mario Party,1304497,sysop,97313,2406,154,21,22038,442588,12,16,10,6
44832534,Connor Franta,1056929,sysop,24469,840,108,3,4721,44832534,0,3,3,12
45246,Korn,6770977,sysop,153868,14438,710,39,101168,45246,25,17,12,31
45311,Cultural Revolution,6193344,sysop,199197,4960,594,53,77509,45311,31,11,8,22
4543,Blue,4103984,sysop,120966,6462,406,44,36054,4543,16,6,6,21
45478592,Ukrah,17453,sysop,4458,404,Fewer than 30 watchers,,180,45712800,12,14,7,18
46365176,Call of Duty: Black Ops III,6738868,sysop,74085,1826,130,19,32884,46365176,19,3,3,17
4637590,Bob Dylan,24756098,sysop,247400,16915,1412,99,269260,4637590,34,25,14,50
47335,Catfish,3874683,sysop,64558,2926,201,12,60553,47335,15,2,2,14
47570046,Shaun King (activist),889195,sysop,96,4,64,15,382,52894365,0,0,0,4
48750897,Favonian,3345,sysop,45,5,Fewer than 30 watchers,,29,48750897,0,0,0,
4877697,Daniel Sturridge,5888455,sysop,86633,4563,85,16,105936,4877697,3,18,12,8
48899498,List of Power Rangers Dino Super Charge episodes,891490,sysop,37471,406,45,8,2504,48899498,2,1,1,4
5042481,Cuba,16009319,sysop,223753,13893,1172,91,439959,5042481,23,132,65,59
50873,Feather,1157705,sysop,75945,1537,139,15,9140,50873,17,1,1,14
52726,Green Day,10795404,sysop,139273,14982,1127,57,129342,52726,30,11,11,32
530567,Bam Margera,8461552,sysop,45830,3107,253,17,243079,530567,6,47,25,19
53395,Harry Houdini,9266340,sysop,105004,8161,614,46,85235,53395,18,19,12,39
5520,Cocos (Keeling) Islands,1979816,sysop,71826,1523,192,22,28337,5520,68,6,4,42
56615,Bangkok,7112235,sysop,167998,8196,391,45,64404,56615,47,15,13,37
585629,Kiev,4537726,sysop,153,40,487,81,7915,6700583,0,0,0,7
6048021,Sarah Natochenny,465985,sysop,21454,1095,42,8,5149,6048021,3,5,4,11
60832,Hatshepsut,3133240,sysop,60793,5446,424,34,28455,60832,30,7,3,24
620,Animal Farm,9507587,sysop,74610,6976,612,42,116715,620,36,14,8,21
649861,Muhammad ibn Musa al-Khwarizmi,1830220,sysop,65753,3995,542,34,20637,649861,93,16,10,42
6736418,Phil Hall (US writer),14549,sysop,9508,167,Fewer than 30 watchers,,77,6736418,3,1,1,5
67516,Fourth International,532438,sysop,56405,1753,127,20,5972,67516,11,3,2,17
68253,List of sovereign states,7394709,sysop,130229,8570,898,112,79441,68253,69,9,8,10
699466,Habbo,840547,sysop,43900,7546,484,12,7655,699466,32,10,4,8
70101,National Rifle Association,4437634,sysop,185148,5405,447,49,18112,70101,23,6,5,30
718196,Albert Pujols,4363070,sysop,203205,8742,165,25,87532,718196,10,30,22,19
723489,Miranda Cosgrove,10346632,sysop,50327,6019,508,44,184566,723489,9,23,15,19
7669549,Great Fire of London,4544647,sysop,54511,3584,398,37,57092,7669549,18,13,10,11
80103,Coldplay,13255097,sysop,182190,12823,1047,64,153441,80103,15,92,30,27
8242057,Blink-182,11085385,sysop,114680,16723,722,40,186613,8242057,29,14,10,31
84508,Josef Mengele,13728277,sysop,54650,6398,685,56,162403,84508,19,9,9,34
8998584,Cack,12911,sysop,359,11,Fewer than 30 watchers,,118,8998584,0,0,0,2
90050,Nefertiti,5518781,sysop,47431,3264,390,31,51790,90050,4,4,4,21
9334,Ecuador,9044931,sysop,185525,11369,467,60,101844,9334,24,19,14,63
9356,El Salvador,7709328,sysop,145965,10485,440,47,118288,9356,21,24,13,36
445112,13th_Airborne_Division_(United_States),231967,sysop,26179,396,36,4,2448,445112,3,0,0,9
20238168,14th_Dalai_Lama,7974027,sysop,173686,6745,635,56,129538,20238168,42,17,12,53
16429381,157473_Emuno,8405,sysop,275,25,Fewer than 30 watchers,,1,16429381,0,0,0,7
0,1848â€“49_massacres_in_Transylvania,1,sysop,0,,Fewer than 30 watchers,,0,0,0,,,
11574890,1880_Republican_National_Convention,195738,sysop,66649,481,42,5,1016,11574890,2,0,0,5
58042748,1919_Austrian_Constitutional_Assembly_election,2779,sysop,74,3,Fewer than 30 watchers,,71,58042748,0,0,0,
1402627,1933_Atlantic_hurricane_season,180548,sysop,73751,783,40,5,1979,1402627,5,0,0,8
1402267,1941_Atlantic_hurricane_season,58416,sysop,23647,206,31,5,297,1402267,6,0,0,7
22612619,1946_California's_12th_congressional_district_election,29651,sysop,60744,657,Fewer than 30 watchers,,391,22612619,1,1,1,5
10723564,1960_South_Vietnamese_coup_attempt,106833,sysop,52093,429,37,8,433,10723564,2,0,0,6
44574268,2011_Libyan_Civil_War,594202,sysop,52,4,308,15,5738,44574268,0,0,0,
31858060,2011_MotoGP_Season,504,sysop,54,103,Fewer than 30 watchers,,2,31858060,0,0,0,
34484872,2012_MotoGP_Season,2400,sysop,54,2,Fewer than 30 watchers,,7,34484872,0,0,0,
35742298,2012_Stanley_Cup_final,413,sysop,37,2,Fewer than 30 watchers,,1,35742298,0,0,0,
2176142,2012_Summer_Olympics,6290265,sysop,148340,7451,492,41,510782,2176142,60,25,19,20
46945,2013,1369235,sysop,58852,5336,177,18,7262,46945,57,6,4,
39323148,2013_Stanley_Cup_finals,1433,sysop,69,2,Fewer than 30 watchers,,10,39323148,0,0,0,2
39323133,2013_stanley_cup_finals,2048,sysop,69,2,Fewer than 30 watchers,,2,39323133,0,0,0,2
48630,2014,1661173,sysop,57444,5838,170,21,7826,48630,21,17,6,
42486165,2014_Stanley_Cup_finals,851,sysop,69,3,Fewer than 30 watchers,,2,42486165,0,0,0,2
42486166,2014_stanley_cup_final,984,sysop,69,3,Fewer than 30 watchers,,6,42486166,0,0,0,2
44212120,2015_BWF_Super_Series,143773,sysop,21613,431,Fewer than 30 watchers,,247,44212120,1,0,0,
48741993,2015_Baltimore_unrest,1527,sysop,53,1,63,30,4,48741993,0,0,0,
31662519,2015_Canadian_federal_election,1303885,sysop,104636,2623,144,26,28893,31662519,22,1,1,4
47917237,2015_Mina_stampede,1010860,sysop,139974,3048,93,7,9122,47917237,6,4,4,16
41276868,2015_Myanmar_general_election,156610,sysop,119858,1156,54,9,1999,41276868,10,4,2,5
46633273,2015_Stanley_Cup_finals,1238,sysop,69,2,Fewer than 30 watchers,,1,46633273,0,0,0,2
42731591,2015_in_American_television,608497,sysop,385324,3599,31,4,1359,42731591,1,5,5,16
46633271,2015_stanley_cup_finals,2310,sysop,69,2,Fewer than 30 watchers,,13,46633271,0,0,0,2
44552032,2016_BWF_Super_Series,246054,sysop,21513,547,Fewer than 30 watchers,,285,44552032,1,0,0,
51075331,2016_Nice_truck_attack,588590,sysop,106847,3746,209,33,18379,51075331,18,0,0,31
50537912,2016_Stanley_Cup_finals,1015,sysop,69,2,Fewer than 30 watchers,,1,50537912,0,0,0,2
43101951,2016_Taiwanese_general_election,23126,sysop,5575,749,44,2,240,43101951,13,0,0,
50537913,2016_stanley_cup_final,1212,sysop,69,2,Fewer than 30 watchers,,3,50537913,0,0,0,2
50537916,2016_stanley_cup_finals,2007,sysop,69,2,Fewer than 30 watchers,,2,50537916,0,0,0,2
54215533,2017_London_Bridge_attack,721698,sysop,68764,2451,148,20,12995,54215533,21,8,7,13
56995579,2017_Parsons_Green_bombing,129174,sysop,58,2,44,22,31,56995579,0,0,0,
54017850,2017_Stanley_Cup_final,779,sysop,69,2,Fewer than 30 watchers,,1,54017850,0,0,0,
55626926,2018_Stanley_Cup_Finals,701635,sysop,72180,625,Fewer than 30 watchers,,13581,55626926,7,15,8,5
57390538,2018_Stanley_Cup_final,148,sysop,69,2,Fewer than 30 watchers,,1,57390538,0,0,0,
62034133,2019_Rojava_offensive,139828,sysop,78,1,47,47,52,62034133,0,0,0,
57387798,2019_Stanley_Cup_Finals,625907,sysop,69731,661,Fewer than 30 watchers,,15947,57387798,7,12,5,5
60583939,2019_stanley_cup_final,935,sysop,69,2,Fewer than 30 watchers,,27,60583939,0,0,0,2
46698586,20th_Television_Animation,39509,sysop,12123,686,Fewer than 30 watchers,,8796,46698586,4,16,11,6
47263,243_Ida,312413,sysop,57284,853,94,8,1947,47263,11,2,2,7
10723564,1960_South_Vietnamese_coup_attempt,106833,sysop,52093,429,37,8,433,10723564,2,0,0,6
10079827,Max Blumenthal,706742,extendedconfirmed,82852,1861,165,29,9822,10079827,1,10,5,17
10396793,The Holocaust,23659748,extendedconfirmed,232017,18857,2099,154,222854,10396793,75,32,14,20
105922,King David Hotel bombing,825267,extendedconfirmed,54661,1795,178,20,8975,105922,4,0,0,18
1105029,Nair,1279895,extendedconfirmed,93503,6428,192,13,19208,1105029,32,2,2,9
11069849,Disappearance of Madeleine McCann,15604902,extendedconfirmed,166115,7200,423,56,129286,11069849,32,2,1,18
1114732,Palestine (region),3191399,extendedconfirmed,111362,5726,765,52,24093,1114732,13,6,5,34
11366634,Katie Hopkins,5596522,extendedconfirmed,108759,2816,159,28,226329,11366634,6,41,15,14
1162481,Modi'in Illit,164637,extendedconfirmed,17255,644,92,9,1518,1162481,7,0,0,16
1162486,Giv'at Ze'ev,61461,extendedconfirmed,11245,247,32,5,670,1162486,7,1,1,14
1204559,Jewish Voice for Peace,191281,extendedconfirmed,46380,655,97,9,2064,1204559,3,0,0,14
1245311,Finasteride,4455570,extendedconfirmed,65364,2010,208,28,46540,1245311,38,1,1,13
12520860,Demi Lovato,30892328,extendedconfirmed,179274,9108,1143,103,270782,12520860,26,23,11,35
1291598,List of best-selling music artists,14398998,extendedconfirmed,325980,22026,1025,70,155250,1291598,32,111,7,23
13394,Honduras,7070874,extendedconfirmed,123182,7373,399,38,93298,13394,15,13,4,40
13913,Hamas,7765224,extendedconfirmed,349173,11577,1150,102,59284,13913,34,14,7,37
13919,Hezbollah,7518738,extendedconfirmed,233321,11030,1414,63,59125,13919,47,8,6,38
142788,Gas chamber,3439109,extendedconfirmed,26696,1391,244,24,33618,142788,8,1,1,8
14305018,Armed Forces of the Islamic Republic of Iran,1557978,extendedconfirmed,98,1,152,15,3089,67508150,0,0,0,3
14533,India,72957075,extendedconfirmed,305394,26153,4751,302,1113463,14533,47,44,18,55
145422,Joe Biden,65254841,extendedconfirmed,301346,9600,1225,379,623361,145422,117,77,31,41
14995351,Michael Jackson,53078122,extendedconfirmed,243249,31556,3059,183,630620,14995351,74,12,7,51
15123,Israeli settlement,1558288,extendedconfirmed,213670,4931,355,45,12349,15123,21,9,5,28
1526718,Kayastha,1641873,extendedconfirmed,49111,3975,136,17,23871,1526718,8,6,4,12
15606119,List of wars involving Israel,1445243,extendedconfirmed,31648,885,138,15,13607,15606119,8,0,0,11
15619833,Karan Singh Grover,7369447,extendedconfirmed,34899,5323,118,8,58087,15619833,0,13,9,7
15679978,Israeli Apartheid Week,62622,extendedconfirmed,28304,530,77,5,327,15679978,2,3,1,15
16043,Jerusalem,14058071,extendedconfirmed,269493,12154,1406,102,120316,16043,63,4,3,64
16454727,Bhumihar,1035791,extendedconfirmed,28688,2590,127,15,15756,16454727,5,4,3,5
17068,Kurds,6365724,extendedconfirmed,172111,8006,890,57,64961,17068,57,15,8,28
1796393,David Aldridge,611597,extendedconfirmed,5996,263,Fewer than 30 watchers,,4188,1796393,1,0,0,9
181786,Safavid dynasty,2420343,extendedconfirmed,23618,5028,464,49,20124,181786,21,0,0,15
18247176,Deir Yassin massacre,740650,extendedconfirmed,100670,3068,277,28,7290,18247176,12,2,1,15
18514671,Roblox,10603884,extendedconfirmed,54350,3656,508,96,384144,18514671,40,7,5,17
18934,Muhammad,23728902,extendedconfirmed,187490,20625,2548,167,272592,18934,98,18,11,52
18945005,Akbar,10650603,extendedconfirmed,143201,6929,467,36,170102,18945005,33,2,2,42
19196206,Douchebag,393472,extendedconfirmed,351,203,65,15,1406,19196206,2,0,0,
19281864,Katy Perry discography,2150116,extendedconfirmed,104954,6756,96,10,17698,19281864,6,3,3,10
19291,Morocco,17488785,extendedconfirmed,147377,9043,797,84,214835,19291,43,8,6,57
19323,Middle East,10065592,extendedconfirmed,70769,4509,698,55,122026,19323,28,11,5,40
19533905,Castiel (Supernatural),1836645,extendedconfirmed,74987,1878,119,9,13313,19533905,0,1,1,7
19698503,Anti-Zionism,1611063,extendedconfirmed,87645,4908,424,44,15859,19698503,50,1,1,15
197522,B. R. Ambedkar,17698298,extendedconfirmed,120091,6291,625,49,230061,197522,31,6,5,43
2006,Auschwitz concentration camp,12461562,extendedconfirmed,181812,5877,687,74,116609,2006,41,4,3,29
202354,Vietnam,20546409,extendedconfirmed,312373,10458,1218,98,241216,202354,46,6,4,45
2110323,Rihanna,32156514,extendedconfirmed,220948,16796,1604,104,316179,2110323,35,5,4,33
21212,Nazi Germany,18578841,extendedconfirmed,193829,13256,1567,161,236993,21212,85,8,7,22
21491730,Judea,1523941,extendedconfirmed,30894,1326,250,30,16092,21491730,18,6,3,18
21617375,Kallar (caste),476907,extendedconfirmed,11599,2006,52,11,6229,21617375,2,0,0,13
21736,Nazi Party,8369078,extendedconfirmed,116402,5509,723,92,118694,21736,42,2,2,34
21868967,Morgellons,2428631,extendedconfirmed,26195,4390,421,35,27800,21868967,12,1,1,8
22212156,Yadav,1785214,extendedconfirmed,45514,6412,146,20,29900,22212156,3,1,1,7
225891,Kamma (caste),1107024,extendedconfirmed,40783,4432,107,5,17130,225891,6,1,1,11
22946653,Shraddha Kapoor,12873852,extendedconfirmed,101189,4729,253,11,108595,22946653,3,1,1,
23235,Pakistan,31464013,extendedconfirmed,386557,19135,1725,116,431663,23235,89,36,18,61
23267,Palestinians,3589878,extendedconfirmed,207288,8392,525,43,30792,23267,34,9,6,39
23564616,Republic of Macedonia,7928187,extendedconfirmed,117,4,1041,37,4286,59940372,0,0,0,7
23943,Palestine,4703470,extendedconfirmed,3540,1799,694,26,10274,23943,25,1,1,
24093,Palestinian National Authority,1401722,extendedconfirmed,136761,2761,283,34,13245,24093,21,8,5,38
24113,President of the United States,30980561,extendedconfirmed,155493,10688,1671,168,241195,24113,90,12,9,27
241405,State of Palestine,14085482,extendedconfirmed,118984,4404,633,134,153485,241405,37,2,2,26
24324,Palestine Liberation Organization,2348609,extendedconfirmed,73628,3188,329,32,27967,24324,19,1,1,38
24596500,Kamaal Rashid Khan,1760361,extendedconfirmed,75,1,43,5,2091,62514488,0,0,0,5
25276055,Ariana Grande,56316780,extendedconfirmed,204402,9719,1475,143,501483,25276055,20,18,9,33
25572706,Miracle Mineral Supplement,1602602,extendedconfirmed,44124,953,174,24,14318,25572706,15,10,3,5
25613,Racism,7605178,extendedconfirmed,181417,12719,1211,88,74550,25613,47,3,3,28
25955086,Jews,13213285,extendedconfirmed,175662,10396,1613,123,124697,25955086,30,3,3,51
26293522,Lists of Palestinian rocket attacks on Israel,38148,extendedconfirmed,2442,55,Fewer than 30 watchers,,242,26293522,1,0,0,5
26494,Race and intelligence,2959231,extendedconfirmed,147226,13234,957,102,20601,26494,54,6,4,5
267603,Killings and massacres during the 1948 Palestine war,147957,extendedconfirmed,43892,1381,129,11,1306,267603,11,0,0,12
271409,Northern Cyprus,3248546,extendedconfirmed,138859,7808,437,45,61619,271409,45,1,1,36
27313295,Tosh.0,1670423,extendedconfirmed,27443,1261,1170,12,15381,27313295,18,0,0,5
2731583,Adolf Hitler,56231743,extendedconfirmed,171144,27062,3278,228,617685,2731583,54,29,13,61
28249265,Bitcoin,39952739,extendedconfirmed,212041,16636,1819,218,351863,28249265,53,9,8,41
28372535,Dan Vs.,406821,extendedconfirmed,23712,1938,67,13,9817,28372535,3,0,0,6
285059,Line of Control,1974023,extendedconfirmed,15759,463,128,13,16668,285059,14,7,2,10
2872825,List of social networking websites,5746759,extendedconfirmed,95,1,1166,44,5513,65785331,0,0,0,3
29044071,Cher Lloyd,2790557,extendedconfirmed,41680,3120,203,16,20769,29044071,12,1,1,20
29177750,Dota 2,5327670,extendedconfirmed,183925,3708,199,15,45485,29177750,25,1,1,14
29328,Six-Day War,9301478,extendedconfirmed,197033,6854,785,68,80346,29328,58,11,9,27
302972,Old City (Jerusalem),1350722,extendedconfirmed,36613,1332,275,27,10539,302972,13,0,0,32
3030955,Kashmir conflict,5054470,extendedconfirmed,325174,5865,415,28,33792,3030955,44,3,2,28
305010,Rahul Gandhi,8386913,extendedconfirmed,55491,4081,285,29,89531,305010,5,31,9,20
31321309,Terry Bean,82673,extendedconfirmed,20207,381,43,13,344,31321309,3,0,0,11
3196487,Prostitution in China,680034,extendedconfirmed,87066,1299,124,10,7237,3196487,8,2,1,13
32720869,Anita Sarkeesian,2106305,extendedconfirmed,54724,1578,305,31,15593,32720869,4,1,1,15
32917,Walt Disney,23262570,extendedconfirmed,105638,7737,1269,80,236547,32917,20,2,2,51
33209,West Bank,5491006,extendedconfirmed,181818,4457,501,54,43278,33209,34,0,0,44
34276,Yom Kippur War,6901644,extendedconfirmed,272598,6317,696,51,71111,34276,61,19,9,41
34289,Yasser Arafat,4785003,extendedconfirmed,129643,7292,777,45,48766,34289,27,3,2,46
343508,East Jerusalem,1346220,extendedconfirmed,130966,1671,239,32,9728,343508,15,4,3,24
34484,Zionism,8203882,extendedconfirmed,184956,9073,1325,99,64357,34484,24,4,4,43
351513,Aliyah,2337420,extendedconfirmed,109843,2489,373,33,22845,351513,12,3,3,16
35347635,Sasha Banks,11710601,extendedconfirmed,136400,4342,231,38,116058,35347635,9,15,7,16
3538069,Deepika Padukone,22504820,extendedconfirmed,147998,6509,492,18,198451,3538069,2,2,2,18
36040410,Woody Paige,341834,extendedconfirmed,5892,653,37,There may or may not be a watching user visiting recent edits,2779,36040410,3,0,0,4
36162236,Peter Huang,26588,extendedconfirmed,11947,188,35,4,209,36162236,7,0,0,7
36197,1948 Arab–Israeli War,4248694,extendedconfirmed,187645,6372,555,56,39289,36197,17,10,5,30
3624191,Palestinian,93381,extendedconfirmed,26,3,80,7,395,67547457,0,0,0,
367929,Israeli West Bank barrier,1677603,extendedconfirmed,143272,4270,314,16,7521,367929,34,1,1,18
37650258,List of highest-grossing Indian films,43579777,extendedconfirmed,160306,9424,484,25,190762,37650258,31,12,5,17
38577,Hebron,1671859,extendedconfirmed,192018,3988,275,30,16731,38577,14,8,3,30
38584582,Mandatory Palestine,3340555,extendedconfirmed,138691,3662,538,67,39846,38584582,11,3,3,29
3966054,Mexico,24314642,extendedconfirmed,317332,15572,1425,107,296810,3966054,51,29,11,64
40316,Kurdish languages,1238475,extendedconfirmed,42668,3240,249,26,18720,40316,25,2,1,28
4032739,Prostitution in South Korea,798234,extendedconfirmed,46599,868,69,8,7660,4032739,1,2,2,9
403293,Chris Benoit,10376263,extendedconfirmed,98833,8761,728,16,140047,403293,25,5,4,19
41511721,Mudar Zahran,62728,extendedconfirmed,9475,403,47,14,325,41511721,0,0,0,2
4178394,Chamar,985526,extendedconfirmed,15692,3059,80,2,15324,4178394,7,2,2,13
4246,Bollywood,11163083,extendedconfirmed,169966,7015,488,20,88997,4246,39,3,2,30
42835171,Cat Creek,5859,extendedconfirmed,413,45,Fewer than 30 watchers,,15,42835171,1,0,0,
42854546,Cankle,29791,extendedconfirmed,407,6,Fewer than 30 watchers,,46,42854546,0,0,0,3
43758363,Gamergate controversy,6556991,extendedconfirmed,193388,6404,589,83,58001,43758363,23,9,7,9
44089740,Brianna Wu,1274269,extendedconfirmed,29244,546,128,20,13095,44089740,7,1,1,11
44132,Ramallah,1505129,extendedconfirmed,74146,1307,150,25,14065,44132,9,0,0,29
44279911,Palestinian stone-throwing,131797,extendedconfirmed,109895,826,68,14,1066,44279911,7,0,0,5
444222,Narendra Modi,31206468,extendedconfirmed,277929,10155,1095,107,345691,444222,40,31,20,44
44632625,RuPaul's Drag Race (season 7),4780444,extendedconfirmed,42711,3247,61,7,72553,44632625,26,6,2,14
44980134,Đinh Bộ Lĩnh,83965,extendedconfirmed,8442,333,34,2,851,44980134,9,3,1,9
44980188,Peter Nguyen Van Hung,25820,extendedconfirmed,6357,457,52,8,117,44980188,7,1,1,13
4556155,Ahir,663253,extendedconfirmed,25602,3762,87,14,11311,4556155,10,4,4,7
46216,Israeli–Palestinian conflict,9667702,extendedconfirmed,188641,8050,859,116,77342,46216,66,1,1,25
47398645,Jat people,2463950,extendedconfirmed,61285,7278,251,26,34178,47398645,63,19,6,14
48416590,John Craven,686603,extendedconfirmed,8114,270,Fewer than 30 watchers,,4743,48416590,3,0,0,6
48460477,Natalie Cassidy,735169,extendedconfirmed,11037,626,39,3,7069,48460477,0,2,2,9
4848272,Donald Trump,510613501,extendedconfirmed,426183,36510,3278,465,641111,4848272,111,155,49,50
48569,Shimon Peres,3010325,extendedconfirmed,86232,2611,271,20,24869,48569,7,10,7,44
48675579,Steve Levy,398167,extendedconfirmed,8020,280,Fewer than 30 watchers,,3222,48675579,2,0,0,5
48816707,As'ad AbuKhalil,95153,extendedconfirmed,12367,576,76,17,823,48816707,11,0,0,23
48933602,Hank Goldberg,67702,extendedconfirmed,1856,214,Fewer than 30 watchers,,487,48933602,0,0,0,6
492331,Arab citizens of Israel,1405240,extendedconfirmed,222257,4974,310,34,13325,492331,35,2,2,30
5006922,Mukkulathor,752065,extendedconfirmed,12342,3394,97,12,10484,5006922,13,0,0,7
503193,Planned Parenthood,4595405,extendedconfirmed,133536,4367,336,32,19170,503193,14,4,3,21
510764,Einsatzgruppen,2671883,extendedconfirmed,81108,2139,292,47,34506,510764,33,7,4,18
514725,Nazi concentration camps,5725036,extendedconfirmed,43104,4007,379,39,40233,514725,15,4,1,18
52268,Sabra and Shatila massacre,1206438,extendedconfirmed,77026,2750,349,16,11221,52268,18,1,1,9
58568,Suez Crisis,7585527,extendedconfirmed,258665,4866,587,70,65154,58568,54,11,6,32
59892,List of highest-grossing films,67497797,extendedconfirmed,315549,22265,942,155,338093,59892,40,72,11,17
628454,Israel Shamir,144130,extendedconfirmed,28266,1834,130,11,1186,628454,3,0,0,14
65220,Nagorno-Karabakh,3139151,extendedconfirmed,66186,5202,349,31,25743,65220,48,4,2,31
672766,Bangladesh Liberation War,3579902,extendedconfirmed,117406,4285,404,46,50428,672766,49,7,4,26
675652,Rajput,3594628,extendedconfirmed,104628,6807,320,50,51519,675652,49,12,5,17
6844407,Selena Gomez,35149331,extendedconfirmed,162040,10303,1696,93,399524,6844407,19,8,6,34
6867958,Vanniyar,812397,extendedconfirmed,15382,1622,76,12,14448,6867958,21,0,0,11
6948376,Telaga,129762,extendedconfirmed,10994,1208,Fewer than 30 watchers,,3259,6948376,0,0,0,4
71897,Marwan Barghouti,271038,extendedconfirmed,33059,867,151,11,2461,71897,5,1,1,17
7515865,Golan Heights,3830876,extendedconfirmed,146546,4406,416,32,28424,7515865,19,2,2,46
7960202,Arab–Israeli conflict,2463074,extendedconfirmed,102201,6003,843,49,20989,7960202,42,6,5,30
7978072,Jewish Bolshevism,1040275,extendedconfirmed,40895,2574,253,34,11184,7978072,39,0,0,17
803754,Kargil War,7069041,extendedconfirmed,132565,4076,362,31,248298,803754,20,13,8,22
80777,Kurdistan,4564496,extendedconfirmed,61624,4592,421,40,46811,80777,39,0,0,28
8087628,Egypt,19201917,extendedconfirmed,238921,10891,1540,102,222772,8087628,41,5,4,53
8549547,Chekavar,72372,extendedconfirmed,2718,757,Fewer than 30 watchers,,920,8549547,4,0,0,9
857051,Karna,4863233,extendedconfirmed,78303,3165,210,14,65537,857051,7,8,2,15
8592058,List of Rajputs,800824,extendedconfirmed,52122,3537,58,7,13529,8592058,2,12,3,11
9282173,Israel,36833818,extendedconfirmed,361568,20328,2469,230,316463,9282173,44,13,8,71
93149,Rashtriya Swayamsevak Sangh,6967163,extendedconfirmed,142751,5938,539,55,88985,93149,31,9,8,22
9675071,Ezhava,664000,extendedconfirmed,37676,4466,127,17,10257,9675071,29,6,4,14
17901024,'Azza,43094,extendedconfirmed,5574,87,Fewer than 30 watchers,,219,17901024,4,0,0,7
17626789,1929_Hebron_massacre,402155,extendedconfirmed,46977,1090,184,16,4065,17626789,6,0,0,14
58155879,1947-49_Palestine_war,2328,extendedconfirmed,56,2,190,50,94,58155879,0,0,0,
51550220,1947_Jammu_massacres,319698,extendedconfirmed,38928,535,38,6,4662,51550220,2,0,0,6
53259328,1947_Poonch_rebellion,60304,extendedconfirmed,69827,436,Fewer than 30 watchers,,1859,53259328,1,3,3,5
22620057,1948_Palestinian_exodus_from_Lydda_and_Ramle,153017,extendedconfirmed,117508,2168,170,18,2059,22620057,16,1,1,15
57896178,1948_Palestinian_expulsion_from_Lydda_and_Ramle,693,extendedconfirmed,75,1,154,41,1,57896178,0,0,0,
181696,1949_Armistice_Agreements,438661,extendedconfirmed,44604,505,121,17,2954,181696,12,0,0,14
17797986,1952_raid_on_Beit_Jala,5428,extendedconfirmed,7470,368,37,2,36,17797986,9,0,0,2
244180,1973_oil_crisis,3354167,extendedconfirmed,75480,2881,358,30,24793,244180,24,1,1,23
31272990,2011_Jerusalem_bus_stop_bombing,17571,extendedconfirmed,18910,328,Fewer than 30 watchers,,49,31272990,3,2,1,4
32918714,2011_Tel_Aviv_nightclub_attack,34639,extendedconfirmed,23653,266,Fewer than 30 watchers,,174,32918714,2,0,0,4
32786931,2011_southern_Israel_cross-border_attacks,85379,extendedconfirmed,75912,939,83,There may or may not be a watching user visiting recent edits,419,32786931,12,2,1,10
43243199,2014_Gaza_War,234813,extendedconfirmed,297535,7456,323,33,6936,43243199,47,4,4,42
43471871,2014_Jerusalem_tractor_attack,34507,extendedconfirmed,15029,128,Fewer than 30 watchers,,153,43471871,4,2,2,5
48598769,2015_Gush_Etzion_Junction_attack,12825,extendedconfirmed,9904,68,32,2,43,48598769,1,2,2,2
53159627,2015_Gush_Etzion_Junction_shooting,10617,extendedconfirmed,63,1,Fewer than 30 watchers,,15,53159627,0,0,0,
52131997,2016_Jerusalem_shooting,1285,extendedconfirmed,60,1,Fewer than 30 watchers,,3,52131997,0,0,0,
49685953,2016_Tel_Aviv_stabbings,36204,extendedconfirmed,16829,146,Fewer than 30 watchers,,136,49685953,2,1,1,8
54632982,2017_Amman_incident,21441,extendedconfirmed,17411,180,Fewer than 30 watchers,,131,54632982,4,0,0,3
52807982,2017_Jerusalem_truck_attack,44582,extendedconfirmed,22139,392,42,6,147,52807982,5,0,0,7
54639038,2017_Temple_Mount_crisis,42725,extendedconfirmed,21415,148,34,7,206,54639038,3,0,0,3
53708429,2017_Umm_al-Hiran_attack,3128,extendedconfirmed,68,2,Fewer than 30 watchers,,2,53708429,0,0,0,
57944662,2018_Gaza-Israel_conflict,3931,extendedconfirmed,63,4,Fewer than 30 watchers,,6,57944662,0,0,0,
57894402,2018_Gaza_border_clashes,920,extendedconfirmed,63,3,98,29,2,57894402,0,0,0,
57048238,2018_Land_Day_incidents,48414,extendedconfirmed,63,6,Fewer than 30 watchers,,2,57048238,0,0,0,
56995590,2018_Land_Day_massacre,1785,extendedconfirmed,63,9,Fewer than 30 watchers,,1,56995590,0,0,0,
55897845,2018_Novak_Djokovic_tennis_season,125593,extendedconfirmed,41881,375,Fewer than 30 watchers,,1963,55897845,0,0,0,4
61601471,2019_Beirut_drone_crash,20610,extendedconfirmed,8813,148,Fewer than 30 watchers,,115,61601471,5,0,0,
60231218,2019_Tel_Aviv_rocket_strike,37221,extendedconfirmed,7498,49,Fewer than 30 watchers,,42,60231218,3,0,0,2
64837386,2020_Bangalore_riots,210150,extendedconfirmed,27156,410,44,13,2233,64837386,4,0,0,10
65746765,2020_Tablighi_Jamaat_coronavirus_hotspot_in_Delhi,232767,extendedconfirmed,107,1,45,26,92,65746765,0,0,0,3
63855993,2020_coronavirus_pandemic_in_the_Republic_of_Artsakh,17526,extendedconfirmed,105,1,Fewer than 30 watchers,,5,63855993,0,0,0,3
67638847,2021_Jerusalem_clashes,95209,extendedconfirmed,91,2,Fewer than 30 watchers,,104,67638847,0,0,0,3
67860745,2021_Maricopa_County_presidential_ballot_audit,543,extendedconfirmed,59330,198,Fewer than 30 watchers,,13608,67860745,7,125,11,7
11591980,1967_Palestinian_exodus,75466,extendedconfirmed,5267,106,39,6,553,11591980,0,0,0,5
1856025,1973_Israeli_raid_on_Lebanon,306947,extendedconfirmed,11924,318,151,10,3127,1856025,2,1,1,3
244180,1973_oil_crisis,3354167,extendedconfirmed,75480,2881,358,30,24793,244180,24,1,1,23
100062,Super Mario 64,2126780,autoconfirmed,78657,4773,268,46,31239,100062,28,19,10,22
1001251,Robert Spencer (author),532302,autoconfirmed,65,2,210,41,1870,60596940,0,0,0,3
100127,Florence Nightingale,8121102,autoconfirmed,117884,6327,578,51,69141,100127,9,0,0,57
1001666,List of Dragon Ball characters,5051287,autoconfirmed,159170,6442,230,18,57019,1001666,429,5,3,11
1001707,Jaffa Cakes,1298825,autoconfirmed,13196,1890,146,10,11237,1001707,5,0,0,12
100196,Tim Westwood,1115033,autoconfirmed,15385,2897,90,2,11969,100196,4,0,0,19
10024,MDMA,14237182,autoconfirmed,138652,10886,846,76,117885,10024,50,7,3,36
10039332,Consol Energy Center,219824,autoconfirmed,46,1,Fewer than 30 watchers,,407,51862330,0,0,0,
1004706,Dysarthria,1590426,autoconfirmed,18133,342,117,7,12696,1004706,3,0,0,6
100627,Emo,4064083,autoconfirmed,115148,9901,839,27,55588,100627,71,0,0,14
10086685,Chris Malkin,19956,autoconfirmed,4274,127,Fewer than 30 watchers,,135,10086685,0,0,0,8
10089424,Kearnan Myall,23833,autoconfirmed,4243,132,Fewer than 30 watchers,,74,10089424,0,0,0,15
1009259,Macy's Thanksgiving Day Parade,2198960,autoconfirmed,118094,3913,157,15,9454,1009259,13,1,1,8
10099763,Green Hills Engineering College,20048,autoconfirmed,4567,199,Fewer than 30 watchers,,118,10099763,0,0,0,8
10101151,IQ and Global Inequality,228056,autoconfirmed,16224,1120,126,13,1638,10101151,2,0,0,5
10106,Earthquake,11557598,autoconfirmed,74924,5468,684,58,69303,10106,15,5,3,17
10111390,Guild Wars 2,1218436,autoconfirmed,52234,1006,120,8,22062,10111390,5,0,0,10
10128,Elizabeth I of England,27703236,autoconfirmed,72,1,1255,93,48673,64146479,0,0,0,5
1014,Alcohol,5796741,autoconfirmed,31837,3356,411,35,44272,1014,22,0,0,17
10157131,Diego Costa,7371353,autoconfirmed,107366,2543,93,13,83573,10157131,6,1,1,19
10160866,List of Canadian inventions,504283,autoconfirmed,74,1,Fewer than 30 watchers,,85,62162486,0,0,0,
101679,VRML,442784,autoconfirmed,14865,838,99,10,3093,101679,10,0,0,12
10172009,Kulraj Randhawa,876561,autoconfirmed,3346,294,Fewer than 30 watchers,,7054,10172009,0,0,0,10
1017610,Dido (disambiguation),84719,autoconfirmed,1648,171,82,8,981,1017610,1,1,1,
1018018,Burzynski Clinic,1279103,autoconfirmed,53828,1334,185,9,3607,1018018,9,0,0,5
101942,Child labour,5902428,autoconfirmed,132612,4875,262,14,32535,101942,23,3,2,36
101970,Tinnitus,7352884,autoconfirmed,72938,3246,490,32,64383,101970,10,1,1,22
10200539,Premier Basketball League,203961,autoconfirmed,28732,1160,Fewer than 30 watchers,,1628,10200539,2,4,1,5
102210,Arthur (TV series),4124129,autoconfirmed,47461,4543,207,34,121150,102210,23,33,22,9
1024181,Carlos Tevez,6061062,autoconfirmed,115007,6544,139,10,87318,1024181,7,11,7,24
10255667,The Biggest Loser Australia (season 1),99699,autoconfirmed,16935,321,Fewer than 30 watchers,,1401,10255667,2,0,0,5
10256222,The Biggest Loser Australia (season 2),40998,autoconfirmed,64158,682,Fewer than 30 watchers,,403,10256222,2,0,0,4
102690,Adam Sandler,24993509,autoconfirmed,33729,6699,751,58,266155,102690,13,2,2,26
102724,Kyrgyz people,883195,autoconfirmed,42420,1194,131,18,16758,102724,24,2,2,33
10276064,Bill Nye,9994129,autoconfirmed,71248,4484,412,30,62819,10276064,18,0,0,24
10284103,House of Merode,92358,autoconfirmed,17384,324,Fewer than 30 watchers,,1260,10284103,10,0,0,10
10292532,ICarly,5772522,autoconfirmed,105964,10539,454,66,157790,10292532,70,22,8,15
10303,Evaporation,2474667,autoconfirmed,12759,2851,176,27,16269,10303,12,0,0,14
10304105,Machete (film),965522,autoconfirmed,93,3,104,13,306,54393909,0,0,0,4
1030599,Black History Month,2816859,autoconfirmed,26287,2005,178,20,7437,1030599,6,1,1,11
1030713,Gabe Newell,3357279,autoconfirmed,21159,1379,176,22,66795,1030713,5,4,3,11
1031793,Didier Drogba,8161330,autoconfirmed,165121,7418,233,13,103354,1031793,7,4,3,31
1033826,Professional wrestling attacks,2967525,autoconfirmed,91,1,376,7,6502,62814991,0,0,0,3
1033897,Death of Adolf Hitler,8960514,autoconfirmed,51883,3995,306,30,90569,1033897,24,5,2,8
1033898,Jim Norton (Irish actor),550054,autoconfirmed,12874,316,Fewer than 30 watchers,,5106,1033898,1,0,0,17
1034769,Ugly,146342,autoconfirmed,1590,426,34,2,605,1034769,6,0,0,
10374465,Jordan Rhodes,1267744,autoconfirmed,49318,2005,31,2,7728,10374465,1,2,1,8
1038,Aarhus,1592884,autoconfirmed,201265,3817,121,10,16849,1038,14,2,1,38
1038594,Ameesha Patel,4546163,autoconfirmed,56643,2359,88,2,63236,1038594,4,6,3,24
10391001,Lil Wayne albums discography,1452032,autoconfirmed,36254,9155,80,12,14929,10391001,4,0,0,4
1039393,Andrewsarchus,520695,autoconfirmed,9508,654,79,9,5554,1039393,2,0,0,7
10403956,Robert Garside,52630,autoconfirmed,53284,836,41,There may or may not be a watching user visiting recent edits,439,10403956,2,1,1,11
10404818,Hindutash,35002,autoconfirmed,8596,299,Fewer than 30 watchers,,241,10404818,1,1,1,9
10407205,Days of Our Lives cast members,2356364,autoconfirmed,69,1,102,57,912,59351110,0,0,0,
10410626,John Adams,14860198,autoconfirmed,178670,10718,742,71,205119,10410626,22,14,6,54
1041577,Mark Henry,4262082,autoconfirmed,159341,6650,204,11,46114,1041577,7,1,1,19
10422721,Pacific Northwest tree octopus,789589,autoconfirmed,8575,2317,90,7,3463,10422721,12,2,1,4
10442845,Travel website,522147,autoconfirmed,4404,448,64,4,1728,10442845,9,1,1,5
104444,Dietary supplement,1830065,autoconfirmed,97813,1503,235,21,18083,104444,31,103,11,15
10445381,Calvin Goddard (ballistics),53002,autoconfirmed,52,1,Fewer than 30 watchers,,28,55469087,0,0,0,
10449970,List of TriStar Pictures films,669910,autoconfirmed,37328,1811,36,7,11114,10449970,1,2,2,3
10468424,Blah,101717,autoconfirmed,2083,422,97,5,341,10468424,16,0,0,
1047310,Crosspool,36063,autoconfirmed,12572,91,Fewer than 30 watchers,,229,1047310,1,0,0,8
1047835,Way of the Dragon,1257399,autoconfirmed,21589,1073,69,9,20658,1047835,7,0,0,12
1047970,Avenged Sevenfold,6539452,autoconfirmed,79083,11059,732,17,68786,1047970,30,1,1,24
10483209,Skilled Group,30320,autoconfirmed,4049,219,Fewer than 30 watchers,,196,10483209,1,1,1,5
10494172,Russell Kane,940877,autoconfirmed,9543,691,Fewer than 30 watchers,,6365,10494172,1,0,0,7
1050479,BloodRayne 2,211863,autoconfirmed,11156,510,33,5,2335,1050479,4,0,0,8
10509730,Alec Butler,82560,autoconfirmed,5735,96,Fewer than 30 watchers,,665,10509730,1,0,0,10
10515516,Pooja Gandhi,1031457,autoconfirmed,42752,1827,Fewer than 30 watchers,,9424,10515516,7,2,2,7
105219,Cancer,11479660,autoconfirmed,177938,6476,1252,57,87938,105219,40,7,7,26
1056208,Jure Francetić,101212,autoconfirmed,21260,398,Fewer than 30 watchers,,1450,1056208,1,0,0,11
1056214,Ljubo Miloš,69231,autoconfirmed,14712,288,Fewer than 30 watchers,,941,1056214,2,2,2,4
10567534,Blake Griffin,8233943,autoconfirmed,98344,3104,120,21,72687,10567534,3,3,3,15
10568,Association football,14845120,autoconfirmed,89957,10327,1345,98,301864,10568,56,33,11,26
1057414,Traumatic brain injury,2058135,autoconfirmed,140725,1604,301,25,15031,1057414,14,2,2,13
10579795,Olga Fedori,194750,autoconfirmed,6441,251,Fewer than 30 watchers,,938,10579795,0,0,0,7
1058843,Loge,38318,autoconfirmed,967,108,Fewer than 30 watchers,,251,1058843,1,0,0,
10595985,Phil Nibbelink,54442,autoconfirmed,4975,237,Fewer than 30 watchers,,1498,10595985,0,0,0,5
1059962,KVIE,54603,autoconfirmed,6465,230,Fewer than 30 watchers,,447,1059962,4,0,0,4
10605960,Non-penetrative sex,8122043,autoconfirmed,40998,1577,447,60,161830,10605960,19,0,0,7
1061021,List of secret police organizations,319210,autoconfirmed,36845,541,66,7,1718,1061021,1,0,0,14
10624594,Krypton,2632543,autoconfirmed,24173,2754,211,21,15328,10624594,5,1,1,13
10636232,The Pussycat Dolls,6069596,autoconfirmed,125503,9388,551,18,71538,10636232,29,2,2,23
10646,Food,7233617,autoconfirmed,110310,4706,551,48,91333,10646,22,1,1,34
1066018,Philip J. Kaplan,89092,autoconfirmed,74,1,30,2,2395,68269662,0,1,1,3
10682197,List of Waterloo Road characters,605493,autoconfirmed,42606,4628,49,2,6862,10682197,114,7,2,4
10693894,Suicide Silence,1353387,autoconfirmed,54653,2623,99,12,11337,10693894,13,2,2,23
1070152,Mugger crocodile,1046078,autoconfirmed,58629,932,70,15,13336,1070152,18,4,4,8
10721157,Shirley Phelps-Roper,1046975,autoconfirmed,10051,1010,83,9,9225,10721157,4,0,0,7
1075887,John Key,1206133,autoconfirmed,94515,1818,110,10,7529,1075887,8,5,5,16
10771083,Phan Đình Phùng,74767,autoconfirmed,32431,401,Fewer than 30 watchers,,504,10771083,3,0,0,15
10772350,History,6784519,autoconfirmed,84360,6548,969,82,61183,10772350,31,4,3,25
1078,Antisemitism,8863293,autoconfirmed,257304,10888,1330,110,78718,1078,77,7,7,31
1078003,Herbert Sandler,92976,autoconfirmed,5234,234,Fewer than 30 watchers,,378,1078003,1,0,0,6
1078340,Immortal Technique,2044228,autoconfirmed,20366,3693,209,8,18097,1078340,5,2,2,18
1079866,Mantle (geology),1959765,autoconfirmed,7372,2409,202,30,8132,1079866,2,0,0,4
10816091,BloodRayne (franchise),78732,autoconfirmed,41,2,Fewer than 30 watchers,,43,59520441,0,0,0,
1082198,Nicky Cruz,569073,autoconfirmed,7037,1154,55,3,5141,1082198,3,0,0,16
10823,Frédéric Chopin,6970088,autoconfirmed,121371,11176,708,77,70712,10823,38,0,0,59
10841641,Antonio Arnaiz-Villena,18865,autoconfirmed,34276,582,34,5,81,10841641,1,0,0,21
10843,Fruit,6609451,autoconfirmed,50739,3207,378,35,48875,10843,14,3,2,20
1084540,Ian Somerhalder,12497506,autoconfirmed,27801,4118,415,17,177219,1084540,4,4,4,18
10884089,List of The New Adventures of Winnie the Pooh episodes,279617,autoconfirmed,39388,644,Fewer than 30 watchers,,2785,10884089,4,0,0,9
10891776,Call of Duty 4: Modern Warfare,4174816,autoconfirmed,73341,8060,365,30,48291,10891776,52,9,5,16
10906185,Gurjar,1587865,autoconfirmed,50793,4372,159,22,20774,10906185,19,18,11,20
10919134,Jozy Altidore,2537261,autoconfirmed,92349,3142,59,10,35126,10919134,8,8,2,17
1092923,Google,77682904,autoconfirmed,197949,12407,3742,202,1543888,1092923,65,18,10,38
1095706,Jesus,25835526,autoconfirmed,258963,30920,3407,230,299283,1095706,115,36,21,43
10958,Fossil,3283177,autoconfirmed,89153,2840,371,46,28736,10958,37,0,0,23
10960729,Mike Harper,7808,autoconfirmed,4549,43,Fewer than 30 watchers,,23,10960729,0,0,0,4
10972664,Young Money Entertainment,3199524,autoconfirmed,52245,5239,186,22,34383,10972664,24,0,0,20
10979,Franklin D. Roosevelt,33774785,autoconfirmed,185991,11321,1574,136,349616,10979,47,11,8,56
10999148,Pierce the Veil,1444229,autoconfirmed,51589,2238,115,5,16327,10999148,20,2,2,20
11014515,List of ethnic slurs,12172990,autoconfirmed,208407,14620,3810,101,278528,11014515,114,23,16,
11015252,Vladimir Lenin,15715202,autoconfirmed,192986,11555,1348,112,198034,11015252,43,6,3,54
1102136,Sambandar,213773,autoconfirmed,17990,476,Fewer than 30 watchers,,3934,1102136,11,1,1,17
11026242,Traumatic insemination,948886,autoconfirmed,32372,466,82,7,4210,11026242,2,0,0,4
11030872,God Made Me Funky,18773,autoconfirmed,5359,116,Fewer than 30 watchers,,132,11030872,3,0,0,10
11033,Frederick Douglass,11595924,autoconfirmed,160112,4459,750,76,108888,11033,17,21,12,43
11038318,Methamphetamine,12550508,autoconfirmed,135891,9744,976,67,126058,11038318,79,4,4,24
1103839,List of Freemasons,1671146,autoconfirmed,2319,4734,199,13,14883,1103839,6,0,0,
11039790,Animal,16162934,autoconfirmed,111079,7001,977,104,307634,11039790,33,13,9,20
1104035,Boob,611925,autoconfirmed,1153,237,37,7,5651,1104035,3,0,0,
11042,Fat,3373256,autoconfirmed,136325,5157,299,30,30791,11042,113,15,5,25
1104310,James L. Dolan,2287418,autoconfirmed,31580,870,42,3,13199,1104310,2,1,1,5
11044005,Satellite Spies,17392,autoconfirmed,4200,250,Fewer than 30 watchers,,69,11044005,0,0,0,7
11053801,Maz Jobrani,995097,autoconfirmed,9564,361,45,9,6554,11053801,3,0,0,10
11054586,North View Secondary School,20745,autoconfirmed,3143,472,Fewer than 30 watchers,,151,11054586,2,0,0,12
1105480,Mushroomhead,1795128,autoconfirmed,42844,4361,85,6,25266,1105480,9,5,3,15
11058016,Mohammad Asghar,53629,autoconfirmed,15929,273,Fewer than 30 watchers,,302,11058016,1,0,0,6
11059,Five Pillars of Islam,5210880,autoconfirmed,30168,5631,359,34,27191,11059,29,0,0,13
11059398,Adult diaper,508182,autoconfirmed,23196,256,41,5,5666,11059398,3,2,1,9
1106026,Beth Ostrosky Stern,2484625,autoconfirmed,11713,1288,68,7,20484,1106026,5,0,0,12
11062,Friction,4128877,autoconfirmed,67235,3996,366,29,32097,11062,28,1,1,19
1108159,Carcharodontosaurus,845294,autoconfirmed,17225,830,102,21,12860,1108159,7,1,1,9
11089416,Test,46190476,autoconfirmed,2608,1174,136,16,32839,11089416,8,0,0,
1109104,Ray Comfort,585896,autoconfirmed,33736,1598,128,22,5246,1109104,4,0,0,15
1109945,Turkish Naval Forces,768371,autoconfirmed,52358,1895,71,10,11517,1109945,8,1,1,12
11115779,George Runner,36892,autoconfirmed,20489,252,Fewer than 30 watchers,,174,11115779,4,0,0,11
11121,Fox News Channel,2451914,autoconfirmed,104,3,779,24,4911,52031237,0,0,0,6
11123648,Canterbury University (Seychelles),39615,autoconfirmed,7300,622,36,3,153,11123648,2,0,0,4
11125639,Turkey,27534434,autoconfirmed,265077,21309,1640,150,391127,11125639,36,38,23,45
11127,Federal Bureau of Investigation,8977583,autoconfirmed,116756,4927,1003,85,84329,11127,46,12,8,33
11137057,BlueWare,14764,autoconfirmed,4993,123,Fewer than 30 watchers,,54,11137057,3,0,0,8
11145,Fire,4523535,autoconfirmed,35587,6322,498,34,40528,11145,10,0,0,17
1114570,John O'Shea,1593669,autoconfirmed,44683,2315,72,4,11404,1114570,5,1,1,4
11146900,Barney in Outer Space,40748,autoconfirmed,1965,170,Fewer than 30 watchers,,317,11146900,1,0,0,6
1116006,Histeria!,331609,autoconfirmed,32466,970,55,7,3772,1116006,14,1,1,6
1117328,Pickaxe,680230,autoconfirmed,5177,352,54,8,7828,1117328,13,1,1,8
1117939,Fernando Torres,9325370,autoconfirmed,125476,10688,277,13,164609,1117939,4,3,1,29
1118379,Online shopping,4235308,autoconfirmed,50926,2617,301,29,93831,1118379,70,2,2,10
11185,Feminism,10416233,autoconfirmed,179447,9989,1306,82,83130,11185,21,5,5,27
11188,French Revolution,18209513,autoconfirmed,163046,8790,1648,103,214496,11188,28,19,4,23
1119701,Physical medicine and rehabilitation,846410,autoconfirmed,9938,768,89,9,5388,1119701,33,0,0,8
11217925,Paris Hilton,17034004,autoconfirmed,216717,13269,978,42,223418,11217925,30,14,10,37
11223633,Aiglon College,194179,autoconfirmed,22636,412,Fewer than 30 watchers,,2483,11223633,0,14,4,16
1123327,1998 San Marino Grand Prix,50965,autoconfirmed,12326,125,Fewer than 30 watchers,,370,1123327,0,0,0,6
1123369,Historiography of the fall of the Western Roman Empire,440768,autoconfirmed,67131,2667,244,15,2831,1123369,15,0,0,14
11236,Fart,825646,autoconfirmed,24,5,163,5,2226,52797082,0,0,0,
11237896,Kalya,73579,autoconfirmed,9200,182,Fewer than 30 watchers,,1157,11237896,7,0,0,8
11240,Flatulence,3129578,autoconfirmed,52046,5084,357,26,28176,11240,53,2,1,21
11247682,The Devil Wears Prada (band),996588,autoconfirmed,45205,3594,106,6,9657,11247682,11,2,2,16
11250,Premier League,27553446,autoconfirmed,173313,14307,836,100,454984,11250,46,7,6,21
11258,Fellatio,14886523,autoconfirmed,38698,2966,535,63,200916,11258,63,0,0,13
11260577,Ann Romney,944178,autoconfirmed,74407,820,52,7,8119,11260577,2,1,1,13
1126490,Yard of ale,590917,autoconfirmed,5300,352,42,5,5684,1126490,6,0,0,3
1127442,Mohammed Burhanuddin,377526,autoconfirmed,85862,2315,83,9,4300,1127442,6,8,5,31
11286472,Renee Alway,561163,autoconfirmed,6874,432,Fewer than 30 watchers,,4259,11286472,2,1,1,7
11288250,Martin Hirsch,27257,autoconfirmed,2592,119,Fewer than 30 watchers,,209,11288250,0,0,0,13
11291,Floccinaucinihilipilification,160037,autoconfirmed,373,709,69,8,467,11291,12,0,0,3
1129182,Leonardo Araújo,756744,autoconfirmed,35919,820,41,5,13094,1129182,5,0,0,15
1129697,Paper plane,1027496,autoconfirmed,32180,1951,102,7,9534,1129697,11,3,1,22
11299,Fox,6654314,autoconfirmed,38131,5050,387,26,63056,11299,18,1,1,26
113055,Temperament,1011476,autoconfirmed,38908,474,182,18,8558,113055,10,1,1,8
11315,Friends,29533499,autoconfirmed,178786,14248,1058,83,325062,11315,45,20,12,25
113180,Pussy,6633566,autoconfirmed,21381,1993,281,24,51226,113180,2,0,0,9
11330163,List of dubstep musicians,323522,autoconfirmed,17401,3939,60,There may or may not be a watching user visiting recent edits,2342,11330163,3,0,0,
11347320,Saint Thomas More High School (Milwaukee),20364,autoconfirmed,9169,222,Fewer than 30 watchers,,118,11347320,2,0,0,14
113525,Dick,806461,autoconfirmed,1505,1102,103,17,8985,113525,6,0,0,
11370,FIFA World Cup,24249720,autoconfirmed,109151,9538,1211,100,1234303,11370,35,56,15,19
11371144,WRFF,70484,autoconfirmed,13416,331,Fewer than 30 watchers,,520,11371144,5,0,0,6
113746,Sean Penn,16640308,autoconfirmed,58268,3031,367,34,321567,113746,7,3,2,31
11392263,Sacramento County Jail,59319,autoconfirmed,933,39,Fewer than 30 watchers,,451,11392263,0,0,0,5
11403316,Compressed sensing,554989,autoconfirmed,46782,644,142,12,5851,11403316,7,0,0,9
11408,Female genital mutilation,10468369,autoconfirmed,163577,7000,602,65,60590,11408,27,7,5,15
11411461,Ola Toivonen,698469,autoconfirmed,38734,962,Fewer than 30 watchers,,4892,11411461,0,1,1,13
1141314,California Miramar University,196766,autoconfirmed,7122,828,44,4,2144,1141314,6,7,3,10
1141494,Salif Diao,193387,autoconfirmed,23547,537,Fewer than 30 watchers,,1423,1141494,0,1,1,8
11415141,Masturbation,18762374,autoconfirmed,117690,8196,1399,87,191510,11415141,124,7,1,23
1143036,Chelmsley Wood,106391,autoconfirmed,15267,562,Fewer than 30 watchers,,1141,1143036,0,0,0,9
1143659,Ruby Bridges,4675419,autoconfirmed,22937,1711,140,16,21627,1143659,8,1,1,13
1143923,Honolulu University,41519,autoconfirmed,3365,165,Fewer than 30 watchers,,482,1143923,1,0,0,3
11447,Flag of the United States,13086559,autoconfirmed,124466,7300,625,66,183680,11447,65,7,6,26
11461,Francis Crick,1933933,autoconfirmed,109270,3654,311,22,15483,11461,6,3,3,40
11470826,Jake T. Austin,4176999,autoconfirmed,28200,4279,201,8,26334,11470826,7,0,0,12
11481790,Nancy Grace,3099898,autoconfirmed,66576,3519,187,6,20532,11481790,9,4,4,19
11485528,Dan O'Halloran,43858,autoconfirmed,3256,149,Fewer than 30 watchers,,221,11485528,0,0,0,4
11492,Foot,2247848,autoconfirmed,28215,2830,203,22,17574,11492,35,0,0,15
11504,Fandom,1019279,autoconfirmed,32945,1022,183,23,10531,11504,6,2,1,7
1150748,Bhagat Singh,11610637,autoconfirmed,97821,6124,415,36,92985,1150748,14,9,9,35
11508,Francis Drake,5427619,autoconfirmed,78658,5974,406,46,49139,11508,9,4,4,47
11511282,YouPorn,4908376,autoconfirmed,16548,1091,369,17,47213,11511282,9,0,0,8
11521084,Cassandra Clare,1738452,autoconfirmed,24702,719,108,4,18761,11521084,4,2,1,33
11546879,Google Street View,5695914,autoconfirmed,37769,6371,496,42,77869,11546879,21,1,1,14
11554502,Lester Coleman,21196,autoconfirmed,30012,861,51,6,83,11554502,11,1,1,16
11557106,Batman in film,9490155,autoconfirmed,173788,5519,285,37,114284,11557106,54,16,6,12
11567096,Murdoch Mysteries,4524856,autoconfirmed,57451,1665,112,28,40349,11567096,13,1,1,17
11567670,List of The Cosby Show characters,1178088,autoconfirmed,39232,835,35,There may or may not be a watching user visiting recent edits,11789,11567670,8,0,0,6
1157014,Pauly Shore,4372534,autoconfirmed,12665,1329,101,9,54602,1157014,7,1,1,16
11578887,General Hospital cast members,1564023,autoconfirmed,68,1,112,65,634,59351114,0,0,0,
1160865,Samy Vellu,208303,autoconfirmed,20539,986,Fewer than 30 watchers,,3743,1160865,6,0,0,16
1164274,Claremont Graduate University,401824,autoconfirmed,18822,592,45,4,3327,1164274,11,0,0,18
11650319,Xiaxue,237120,autoconfirmed,14134,1521,46,3,1677,11650319,2,0,0,9
11663591,The Contractor (2007 film),234392,autoconfirmed,6479,151,Fewer than 30 watchers,,3581,11663591,0,0,0,6
